{
  "judges": [
    "anthropic:claude-opus-4-8",
    "anthropic:claude-sonnet-4-6",
    "anthropic:claude-haiku-4-5-20251001"
  ],
  "n": 40,
  "pairwise_kappa": {
    "anthropic:claude-opus-4-8 <-> anthropic:claude-sonnet-4-6": 0.987,
    "anthropic:claude-opus-4-8 <-> anthropic:claude-haiku-4-5-20251001": 0.932,
    "anthropic:claude-sonnet-4-6 <-> anthropic:claude-haiku-4-5-20251001": 0.948
  },
  "mean_kappa": 0.9557517350980418,
  "gold_distribution": {
    "1": 5,
    "0": 18,
    "4": 12,
    "2": 2,
    "5": 3
  },
  "our_metrics": {
    "ndcg@10": 0.9845654858869852,
    "ndcg@50": 0.9865702534451727,
    "map": 1.0,
    "p@10": 1.0,
    "p@5": 1.0,
    "composite": 0.9882538189770445
  },
  "sample_ids": [
    "CAND_0010451",
    "CAND_0036832",
    "CAND_0056606",
    "CAND_0077337",
    "CAND_0019344",
    "CAND_0047390",
    "CAND_0077148",
    "CAND_0088067",
    "CAND_0030468",
    "CAND_0073623",
    "CAND_0004876",
    "CAND_0093107",
    "CAND_0064326",
    "CAND_0081414",
    "CAND_0071014",
    "CAND_0015105",
    "CAND_0097597",
    "CAND_0075574",
    "CAND_0032316",
    "CAND_0022989",
    "CAND_0007009",
    "CAND_0038157",
    "CAND_0081846",
    "CAND_0024455",
    "CAND_0000031",
    "CAND_0050247",
    "CAND_0027691",
    "CAND_0092976",
    "CAND_0004471",
    "CAND_0039383",
    "CAND_0041669",
    "CAND_0079064",
    "CAND_0007152",
    "CAND_0018499",
    "CAND_0046525",
    "CAND_0010257",
    "CAND_0027722",
    "CAND_0087660",
    "CAND_0052038",
    "CAND_0083879"
  ],
  "judge_scores": {
    "anthropic:claude-opus-4-8": [
      1,
      0,
      0,
      4,
      0,
      0,
      1,
      2,
      4,
      0,
      0,
      0,
      4,
      1,
      0,
      2,
      0,
      4,
      0,
      0,
      4,
      0,
      4,
      1,
      4,
      1,
      4,
      1,
      0,
      4,
      5,
      4,
      0,
      5,
      5,
      4,
      0,
      0,
      1,
      5
    ],
    "anthropic:claude-sonnet-4-6": [
      1,
      0,
      0,
      4,
      0,
      0,
      1,
      2,
      4,
      0,
      0,
      0,
      4,
      1,
      0,
      2,
      0,
      4,
      0,
      0,
      4,
      0,
      5,
      1,
      4,
      1,
      4,
      0,
      0,
      4,
      5,
      4,
      0,
      5,
      5,
      4,
      0,
      0,
      0,
      4
    ],
    "anthropic:claude-haiku-4-5-20251001": [
      1,
      0,
      1,
      4,
      0,
      0,
      1,
      1,
      3,
      0,
      0,
      0,
      4,
      0,
      0,
      2,
      0,
      4,
      1,
      0,
      3,
      0,
      4,
      1,
      4,
      1,
      4,
      0,
      1,
      4,
      4,
      4,
      0,
      4,
      4,
      4,
      1,
      1,
      0,
      3
    ]
  },
  "gold": [
    1,
    0,
    0,
    4,
    0,
    0,
    1,
    2,
    4,
    0,
    0,
    0,
    4,
    1,
    0,
    2,
    0,
    4,
    0,
    0,
    4,
    0,
    4,
    1,
    4,
    1,
    4,
    0,
    0,
    4,
    5,
    4,
    0,
    5,
    5,
    4,
    0,
    0,
    0,
    4
  ]
}